zx7gd1yx,1,22000
jn39g1qx,randomidiot13,7518
jmo29wy8,Tegron,1905
5j54m68v,Punchy,2306
y8d00plx,plank,1938
kj9p77x4,dha,19428
y8der3mj,Valmerix,1901
qjn1wzw8,Otterstone_Gamer,17124
qjnqro2j,Cytruss,4918
xy5k04w8,Insert,4327
1xyylnyx,Zambrini,2866
8qzo95o8,TRLittleToaster,3421
68wk0748,HowDenKing,5932
1xy3wpwj,Fioresa,2566
48grepxp,seckswrecks,2574
o864zm0j,Vapo,4965
1xyk10y8,Marlin,2321
0jm5z0ox,truegen,2374
68wrnv3j,Lmjacks,2244
8rpm0e3j,caeyo,1884
98rnvp3x,Symystery,4452
xk49l57j,Axil,2067
v8lyv4jm,MarvJungs,6032
18v52d5j,Spaceman,3955
pj0n70m8,FrostyZako,3103
qjopronx,Tomatobird8,4065
8qr5kvwj,killerkun...,1950
98rre381,Storster,1961
18q3mnqj,Reverse,2721
v18q90jn,Jumpyluff,4043
x3ql5n7j,funado,2018
5j5rgqxv,Kieron,2301
qjo9k3j6,Maximum,13447
v81pk5q8,Tenka,4012
8ge265yj,jackzfiml,3361
qj2gv68k,ROMaster2,4104
v81md938,Wipeoutjack7,2019
0jml3y81,swordsmankirby,7082
y8dpd986,amyrlinn,1810
5j52r5zj,R0main,5169
kj904grj,Oreo321,2244
18qm6oxn,DevilSquirrel,2038
qxkvn9j0,Heki,2016
j5woeenj,EthaN.,2415
dx3593qj,starsmiley,6419
1xy1pmxr,_-_STAR_fox_-_,1996
qj2yyn8k,Deln,5937
dx354ejl,Drakodan,2690
1xy7pnxr,Winslinator,2838
qxkvvq2j,relievedliberty,2252
y8dg6vm8,hirexen,3774
j51p0268,Act_,2734
kj92m4r8,Nordanix,4539
68wne448,FelipeNascimento83,2232
v18q6wjn,Mhmd_FVC,3482
e8e6r7j0,Plumato,4766
5j5d73n8,MaxyneCash,3152
kj96k7j4,Saradoc,2356
qjnzw4jm,roopert83,2198
5j51v3w8,DarQ,2772
v18qowjn,PeteThePlayer,2497
7j4rq5v8,Sm_Izumi,1940
1xyyq0zx,mossranking,5598
jp4odpkj,gotutiyan,2585
y8dgv458,JokerFactor,2512
98rv0dqj,zir0nic,3054
98rk96x1,toca_1,5900
18vo5nxl,Californ1a,2067
8ge6w47j,Walgrey,3050
qxk02980,Riekelt,2158
kjpn2lkx,calamity_,2194
qj2gnml8,dripping,2066
x7q6qy08,Bob-chicken,2082
j4rl00w8,FrostySR,4564
0jm3r3z8,Mipha,6981
qjnzo1wj,NerdyNester,2278
18qwrkw8,bendersrus,1950
v8142eq8,NuMetalz,2009
8l060pv8,DotALotTroller,3430
86vevq5j,BartekIsBad,3840
zx7mknvx,DunkelGotik,2839
7j4v6dj1,RubberDuckyAssassin,4109
1xyy7pyx,RedBall,2498
qxk6eok8,NihilistComedyHour,1941
68wlgyzj,Oxknifer,2831
j2y6v5o8,THiEF_HD209,3421
5j5nq6jv,Goomba,3781
zx719vrx,Vizu,2467
v814y538,Neural89,1947
18vk6oej,SHiFT,5868
e8e9l0pj,slippy318,5538
5j5vw1g8,Meep_Moop,2524
y8d3z5x6,Dugongue,1990
dx3vw68l,andypanther,1941
5j519g8v,loafofbread,2122
e8e0kydj,Ayden,1841
qjo22ke8,Tech,5608
1xyrp0nj,Penguin,2543
8wk9o7q8,french,4753
pj0g75mx,ffleret,3204
r5j5onxv,Tezur0,2802
e8enep80,Goodigo,2140
v81kdrjp,CaneofPacci,1810
48gnmw2j,Shiven,2414
v8ll6l28,Komali,1889
j5wv5zqj,SrTapir,2146
18qkl78n,Slevanas,3742
x7q9g1v8,felipereis11011,5144
8e913qdj,VyPr,2217
0jmoeey8,MystwalkerMX7,2579
814l4p38,Loop,2064
qxko0280,Nimputs,3422
qxkv1r6j,KunoDemetries,2154
18qr5wjn,Klooger,4848
8e9nz3oj,BOZAK_115,2951
5j5dqrz8,Hydrus,3362
0jmvy6nj,Shiinyu,3093
jn3k3o4x,RedMooschrom,2669
kjp4qz2j,Crep,2194
o86y93wj,dlimes13,3333
1xymkgzx,nhaar,2100
18v7ky8l,AeonFrodo,5860
18qr7qjn,Thebpg13,3064
e8ez0lp8,Alexo,2023
pj0g27rx,bryonato,2119
qxkqvo9x,jannik323,12434
x7q91yy8,Pikalex04,3587
qj22r6jk,charlocharlie,3596
18q0nq7j,luigi100,2548
qxkp4d7j,terter,4321
dx35zg7j,Tron_Javolta,4821
o86w22qx,Demolition14,2379
zx7m5yx7,MrsGizamaluke,2183
kj9rz7j4,Pottoww,1834
kj95ky78,J_duude,1935
qxklwp68,TomatoTom,2017
86nkg90x,SunShard,2537
1xyy6vxr,Ewil,3364
18v2v2jl,miniomegaking,2021
kj9r9g7j,Zenkoina,2243
48g562yj,WiiSuper,4748
5j537vqx,NorXor,2231
qjnzdwjm,PresJPolk,2251
0jm5kdnx,Bloon,1992
kj9407x4,Fireball,1935
y8dwr45j,Kaopoke,2255
j0nvnk98,Rayu,4090
qxkge2j0,Valientlink,2289
jo3rdplj,boburnham,2282
eo86qwxz,CriticalCyd,3808
98rl53w8,eldiab,2254
8l030748,fishes,1979
kjp4onyj,hoxi,2486
x356nrej,PolariTOON,2150
8e9k717j,Solderq35,8241
x7qe61r8,Middzz73,1828
qxkol2k8,Ponyah,2563
v8l6lgv8,XeroGoFast,2834
x7q663v8,Jaaay,2116
86n409qx,Turtlespyder,5328
kjprgok8,WindMark,7428
1xyrv0mj,mobius,1920
kj9ow1wj,Massive,2808
y8d2kqoj,xe,2055
jo3kl6nj,sirtymoo,3883
e8e0oqpj,chimkin,2178
kjp4owkj,Quantum,4288
1y8d6mx6,abney317,2200
18qznr08,amber,1963
0jmdlgej,PlatonicGuy,2566
j4r9g1v8,nottherealben,3642
18vkrvjl,Req,1969
qjor2nj6,Odme_,4460
1xyy9oyx,hsblue,1928
kjppr35j,YossyHop,2064
kj9v37vx,Awake,2006
y8d3g5gx,Salem,1852
5j5zqzjv,LeviTheRelentless,3096
48gmggr8,zgl,2141
8ge5w52j,sage211,9433
xkokq798,CoLOLby,2285
j92k9vr8,SG_masterpigman,3653
48g7rop8,gialime,2273
8wk9r2v8,unfried,5864
kj94kq7x,blipblo,3837
zx7gvpyx,Xandre69,2190
zxzne94x,Ghastslayer,3981
0jm6pwy8,FuriousFire201,9644
e8e5gg68,duckle,4180
qjn5l22j,JBHJ,3118
zx7gkrx7,alaris,10222
qxkm6mj0,Kyman,6932
98rv2rdj,Perna64,2278
8l0nq548,SM64ModerationBot,2676
o863w4w8,eddiecatgaming,4442
kj96nwj4,IsoFrieze,2152
qjo0dw7j,VRplaYK,3555
pj00k3jw,Xcvazer,2816
zx77n7rx,Tamlord,2380
