felipereis11011,x7q9g1v8,:flag_br:,FalseFuriousFire201,0jm6pwy8,:flag_us:,Falsedlimes13,o86y93wj,:flag_us:,Falsekillerkun...,8qr5kvwj,:flag_jp:,FalseFioresa,1xy3wpwj,:flag_us:,FalseOtterstone_Gamer,qjn1wzw8,:flag_us:,FalseShesChardcore,y8dzlz9j,:flag_us:,FalseMrMountainMan,kj9y5mrx,:flag_us:,FalseZambrini,1xyylnyx,:flag_us:,FalseNordanix,kj92m4r8,:flag_se:,FalseSpaceman,18v52d5j,:flag_us:,FalseAslanTZ,816q54lx,:flag_tr:,Falsestathx,jn36q61x,:flag_us:,FalseCaneofPacci,v81kdrjp,:flag_us:,FalseJaypin88,kj9521v8,:flag_ca:,FalseSRGTsilent,v8l3eq48,:flag_us:,FalseMcKiddy,kj9dzp7x,:flag_us:,FalseKkntucara,xz9nv648,:flag_es:,FalseWolt1x,kjp1vr2j,:flag_cz:,FalseCmdr,48g5vo7j,:flag_us:,FalseComical_,68wvldlx,:flag_ca:,FalseBlacksecret,qjn1y628,:flag_lv:,FalseTei,18vmo728,:flag_vn:,Falsewerster,y8d365x6,:flag_us:,FalseRayu_,j0nvnk98,:flag_ru:,FalseALZERI28,zx75o1r8,:flag_fi:,FalseRaid104,18vw1rvj,:flag_hu:,FalseAwake,kj9v37vx,:flag_fr:,Falsemeegz,8e9gr0pj,:flag_ru:,FalsePolonxy,1xyk5ny8,:flag_ca:,FalseIcysnowman,j2y12e68,:flag_us:,FalseVyPr,8e913qdj,:flag_us:,Falsedaff,8grm677x,:flag_ru:,FalseDlemmoR,1xyd6nmx,:flag_ca:,Falsekatze789,qjnz5g2j,:flag_de:,FalseKlooger,18qr5wjn,:flag_au:,FalseChainsawkitten,98ryqvqj,:flag_se:,Falseduckle,e8e5gg68,:flag_td:,Falseplank,y8d00plx,:flag_kr:,FalseRunStrafe,kj9e0578,:flag_de:,FalseHydrus,5j5dqrz8,:flag_us:,FalseFelipeNascimento83,68wne448,:flag_br:,FalseSizzyl,18qvw9ox,:flag_us:,FalseRupa,qjoq5re8,:flag_jp:,FalseEwil,1xyy6vxr,:flag_cz:,Falsessjoen,8wk3wr48,:flag_nl:,FalseTh3on3C,18qkovq8,:flag_ca:,Falsezir0nic,98rv0dqj,:flag_vh:,Falseemrald_011,5j5ve9w8,:flag_gb:,Falsesilliest,814pll58,:flag_us:,Falseslippy318,e8e9l0pj,:flag_us:,FalseIco,qjo2pne8,:flag_se:,FalseOneCoolMan,e8ewozp8,:flag_us:,FalseSlevanas,18qkl78n,:flag_mx:,FalseTegron,jmo29wy8,:flag_pl:,FalseHowDenKing,68wk0748,:flag_eu:,FalseLezzy,jo3ko0lj,:flag_no:,Falseqwertylool,5j5vv4w8,:flag_us:,FalsePlatonicGuy,0jmdlgej,:flag_bh:,FalseTRLittleToaster,8qzo95o8,:flag_us:,FalseBen_eXceL,x3557mqj,:flag_us:,FalseVegetaTheSaiyan8,jo3lnr3j,:flag_us:,Falsealex2007,0jmg73oj,:flag_io:,Falsegotutiyan,jp4odpkj,:flag_jp:,FalseThomastd,jp4zqwyj,:flag_us:,FalseWagnerBrasil,qxkm272j,:flag_br:,FalseWinslinator,1xy7pnxr,:flag_us:,FalseJaaay,x7q663v8,:flag_de:,Falseamazingpikachu_37,v81qg15j,:flag_us:,FalseInsaneJetman,qjnlzwdx,:flag_ca:,FalseLew,pj0045wj,:flag_gb:,FalseUniwersal,0jm4lznj,:flag_ee:,FalseAlexo,e8ez0lp8,:flag_us:,FalseEclipsed,v813edlx,:flag_us:,FalseSirbrute,kj9n06v8,:flag_dk:,FalseMortar,18q99rdj,:flag_gb:,FalseCytruss,qjnqro2j,:flag_gr:,FalseMsbmteam,0jm0k3o8,:flag_us:,FalseTHiEF_HD209,j2y6v5o8,:flag_us:,FalseBellumZeldaDS,18q3o3dj,:flag_fr:,FalseYTKoopaPlayer,j2y4p6o8,:flag_de:,FalseBilly_Bob,1xypq3yx,:flag_gb:,FalseCallBal,v8lq05vx,:england:,FalseGroMic,8l0kq1v8,:flag_be:,Falsevanish2009,j2wwlm6j,:flag_id:,Falsedebiangamer256,qjngr448,:flag_gb:,FalseShinboy,8wl7yovj,:flag_nr:,FalseJDMI,j92266v8,:flag_us:,False7H3,v81ggnp8,:flag_ca:,TrueLuvbaseball58,kjp4zn4j,:flag_us:,FalseNordicboa,98r4z3j1,:flag_de:,FalseElims,qjoqz4e8,:flag_gb:,FalseDawgup,zxz7ew9j,:flag_us:,FalseWiiSuper,48g562yj,:flag_us:,FalseGamingLand,68wg45zx,:flag_bt:,FalseNimputs,qxko0280,:flag_de:,Falsereni,8l0rl9v8,:flag_gb:,Falseafnannen136,48g92r2x,:flag_us:,False_pandito_,qxk7rz6j,:flag_us:,FalseRallis,eo86lp8z,:flag_us:,FalseShiro,18v46ky8,:flag_us:,Falsesmartalec24,zxzygl4j,:flag_us:,FalseDarQ_Massacres,5j51v3w8,:flag_ca:,FalseYuidesu,48gn04pj,:united_nations:,FalseDugongue,y8d3z5x6,:flag_us:,FalseCyberdemon531,61xygzxr,:flag_us:,Falsemeauxdal,dx3p0ok8,:flag_us:,FalseNachoBrado,v81ke2rj,:flag_us:,FalseVapo,o864zm0j,:flag_gb:,FalseIanwubby,kjp4rk4j,:flag_us:,FalseNihilistComedyHour,qxk6eok8,:flag_us:,Falseandypanther,dx3vw68l,:flag_ch:,FalseMipha,0jm3r3z8,:flag_gb:,FalseMumu_Didi,dx33m6kx,:flag_fr:,FalseYumashev,zxze4nnx,:flag_ru:,FalseReally_Tall,qjooe3j6,:scotland:,FalseKaopoke,y8dwr45j,:flag_nl:,FalsePeanutfan22,1xykryz8,:flag_us:,Falsebendersrus,18qwrkw8,:flag_ca:,Falsedha,kj9p77x4,:flag_it:,Falsebaldnate,kj9yg2wx,:flag_us:,FalseDracaarysTrophy,18qg9ndx,:flag_fr:,FalseSBells27,zxz0gw98,:flag_co:,FalseMarioMario7829,xz925r48,:flag_us:,FalseMXF,qxkpk69j,:flag_jp:,FalseTenka,v81pk5q8,:flag_au:,Falsediggity,qjoz6gn8,:flag_au:,FalseLunaSpeed,qjo95lej,:flag_gb:,FalseInprisonedShadow,kj9r0wj4,:flag_us:,Falsemanticor5,7j4ndywx,:flag_cl:,FalseMortimerNova,8ger577j,:flag_us:,FalseVakala,48g4mnp8,:flag_fr:,FalseDylCat,v81o6wlx,:flag_us:,FalseStarrlightSims,p18vvn8l,:flag_gb:,FalseTomatobird8,qjopronx,:flag_fi:,Falseritah,98rzez3x,:flag_br:,FalseNerdyNester,qjnzo1wj,:flag_us:,FalseDBcade,zxzzvlrx,:flag_jp:,FalseTheNameless,j5wg15wj,:flag_gr:,FalseAct_,j51p0268,:flag_us:,Falseflutter,kjpm0r4j,:united_nations:,FalseMaximum,qjo9k3j6,:flag_us:,Falseswordsmankirby,0jml3y81,:flag_us:,FalseMarvJungs,v8lyv4jm,:flag_de:,Falsetoca_1,98rk96x1,:flag_eu:,FalseTech,qjo22ke8,:flag_us:,FalseTron_Javolta,dx35zg7j,:flag_vh:,FalseDeln,qj2yyn8k,:flag_ca:,Falsewipeoutjack7,v81md938,:flag_us:,FalseLiljapkid,8qz33108,:flag_gb:,Falseperna64,98rv2rdj,:flag_us:,Falsechryoyo,98rlreq8,:flag_us:,Falserphxx,98rveeqj,:flag_at:,Falsehikarugames,zx7pe96x,:flag_kr:,False_-_STAR_fox_-_,1xy1pmxr,:flag_us:,FalseStorster,98rre381,:flag_us:,Falserobthegamer115,v81qk3jp,:flag_us:,FalseJSR_,qjop9nnx,:flag_us:,Falsefrostysr,j4rl00w8,:flag_gb:,FalseMajineta,jn3vl7dx,:united_nations:,FalseJuegariel,68wk9eq8,:flag_es:,FalseAuthorBlues,7j424wx1,:flag_us:,FalseFlannelKat,qxko7rm8,:flag_us:,FalsePeterAfro,18vk7vjl,:flag_us:,Falsedrgrumble,48grel1x,:flag_gb:,Falseoxknifer,68wlgyzj,:flag_us:,Falsebluerapids12,qxk2z16x,:flag_us:,Falsebat,18vkemyj,:flag_us:,Falseoreo321,kj904grj,:flag_il:,Falsewhatsfrog,x352kyej,:flag_se:,Falsepullmatrox,o86r2r38,:flag_ar:,Falsefunado,x3ql5n7j,:flag_ar:,Falsevictu,8e9elodj,:flag_br:,Falsetdp_320,x35l7pkj,:flag_us:,Falsesundex,qxk6wl28,:flag_us:,Falsezennan,qj2lgw7x,:flag_us:,FalseRubberDuckyAssassin,7j4v6dj1,:flag_us:,FalseAstrolite,j0n55mr8,:flag_no:,FalseJeelSpeed,jpre35y8,:flag_zw:,False4d9r,x35yq46j,:flag_ca:,FalseRayquaza911,68wo13jg,:flag_ca:,FalseNESCardinality,98r92381,:flag_ca:,FalseRantronBomb,kj929g78,:united_nations:,FalseMattmatt,dx3g4k8l,:flag_aq:,FalseLyren,5j5v7lw8,:flag_fi:,FalseGustavoPredador,zx7m7oyx,:flag_br:,FalseP1ZZAC4T,kj9926nj,:flag_us:,FalseJorf,48g0o31x,:flag_ca:,FalseDaniel_1RD,qj2z3pjk,:flag_dk:,Falseadrianus,68w4znlx,:flag_ch:,FalseSm_Izumi,7j4rq5v8,:flag_fr:,FalsesWinTuZ,y8dz629j,:flag_ru:,Falseivanpaduano,j96lp57j,:flag_it:,FalseBregermann,zxzyrm0j,:flag_us:,FalseThebpg13,18qr7qjn,:flag_gb:,Falsejackzfiml,8ge265yj,:flag_us:,FalseWalgrey,8ge6w47j,:flag_ca:,FalseMegami_infini,e8ekwd80,:flag_pl:,Falsebtrim,zxz9n98q,:flag_us:,FalseJoePulito,j0n0vk48,:flag_us:,Falseinfinitemystery,dx3gg78l,:united_nations:,FalseToxcien,jn36qqqx,:flag_fi:,FalseTuckerStudios,v8lvyz2j,:flag_us:,FalseFrost20,jopgy97x,:flag_us:,FalseTfresh,j03n24wj,:flag_kr:,FalseDaxzz,8q32emwj,:flag_es:,FalseAkuretaki,xko2g798,:flag_ca:,FalseHades,xk49l57j,:flag_vh:,Falsesupercrazestar,8qrpwmdj,:flag_sg:,FalseFlashGiant,8wkrlkq8,:flag_us:,FalseLordParoah,8e6rpq7j,:flag_br:,Falsec0ckatoo,j5we65gj,:united_nations:,FalseRj,86vwlq3j,:flag_us:,FalseJKxWinG,v8141g38,:flag_de:,FalseSEGARALLY,jn3g0ddx,:united_nations:,False
french,8wk9o7q8,:flag_ca:,False
Keeganator,8qrnpeqj,:flag_us:,False
pinkey,8qr6vnqj,:flag_ua:,False
Zuhiy,j2ydrnl8,:united_nations:,False
pocogamer,j4qrqlvx,:flag_gr:,False
WookiesLA420,86313ep8,:flag_us:,False
Benjams,qj2oqknx,:flag_us:,False
Bluestonex64,x3qmp56j,:flag_pt:,False
Santhy99,j26dw1ox,:flag_br:,False
nasuper,qjod3zlx,:flag_de:,False
PigRank,0jmn9dox,:flag_kr:,False
Cad225,kj946vwx,:flag_ca:,False
Khalooody,xz995g08,:flag_bh:,False
Jubilee,j0nm9r48,:flag_us:,False
rocketfire,68we6n48,:flag_us:,False
Octo,j9244y78,:flag_ph:,False
A1Major,qjo39knj,:flag_au:,False
337Short337,8r79ge6j,:flag_ca:,False
ttpprr,8d3o7p9x,:flag_ca:,False
DarkLink,48gmomr8,:flag_no:,False
ParallaxMKChile,48gr7lpx,:flag_cl:,False
NewNickName0,j51p0v68,:flag_fr:,False
JeffLemon,8vkkddej,:flag_us:,False
YoBGS,pj0wr0r8,:flag_us:,False
Toad22484,qjoqq786,:flag_us:,False
Gameboy9917,0jm7kyzj,:flag_us:,False
kamil2050,18vy5lv8,:flag_pl:,False
The_Retro_Challenger,v8lrl5l8,:flag_ca:,False
Ecdycis,qjn2rkwj,:flag_us:,False
DarthTyrael,jo3d0e0j,:flag_us:,False
MilkToast,qjn7vp18,:flag_de:,False
jojoretrogamer,8d3y5vgx,:flag_ca:,False
AardappelMASTER,x35zgnqj,:flag_nl:,False
JokerTropical,18vww95j,:flag_ca:,False
_hampter_,x7ml2dqx,:flag_pt:,False
KolIsTehMan,j92vdoo8,:flag_us:,False
jensj56,pj0o1g4j,:flag_nl:,False
